{
  "100073129302064": {
    "balance": 505000,
    "bank": 44395000
  },
  "61564459952029": {
    "balance": 2259,
    "bank": 0
  },
  "61550009672145": {
    "balance": 0,
    "bank": 0
  },
  "61554222594723": {
    "balance": 1399,
    "bank": 0
  },
  "100068234611362": {
    "balance": 0,
    "bank": 0
  },
  "100007515468996": {
    "balance": 107,
    "bank": 1000
  },
  "100000733445078": {
    "balance": 1000,
    "bank": 0
  },
  "61551952924254": {
    "balance": 1392,
    "bank": 0
  },
  "61569087406258": {
    "balance": 1379,
    "bank": 0
  },
  "100090733750692": {
    "balance": 1484,
    "bank": 0
  },
  "100080008820985": {
    "balance": 358020000,
    "bank": 0
  },
  "100071905835855": {
    "balance": 0,
    "bank": 0
  },
  "100091592152325": {
    "balance": 0,
    "bank": 0
  },
  "100091607693557": {
    "balance": 50000,
    "bank": 0
  },
  "100090641031344": {
    "balance": 0
  },
  "100067077909133": {
    "balance": 0,
    "bank": 0
  },
  "100075058221244": {
    "balance": 0,
    "bank": 0
  },
  "61562110230073": {
    "balance": 500,
    "bank": 0
  },
  "61575480943226": {
    "balance": 500,
    "bank": 0
  },
  "100030498649500": {
    "balance": 500,
    "bank": 0
  },
  "100092969425227": {
    "balance": 1000,
    "bank": 0
  },
  "100024761239056": {
    "balance": 0,
    "bank": 0
  },
  "61566739300335": {
    "balance": 0,
    "bank": 0
  },
  "61564407593797": {
    "balance": 50000,
    "bank": 0
  },
  "100010099516674": {
    "balance": 60700,
    "bank": 0
  },
  "61568079673408": {
    "balance": 13500,
    "bank": 0
  },
  "61554405703021": {
    "balance": 61000,
    "bank": 0
  },
  "61572531792057": {
    "balance": 500,
    "bank": 0
  },
  "100008698744166": {
    "balance": 50577,
    "bank": 0
  }
}